52.14.23.175,7001,/apia/data1,WJUDB3RRNONV5YZTNUS2SAZXLUOFVC46
52.14.23.175,7001,/apia/data1,WJUDB3RRNONV5YZTNUS2SAZXLUOFVC46
52.14.23.175,7001,/apia/data2,WJUDB3RRNONV5YZTNUS2SAZXLUOFVC46
52.14.23.175,7001,/apia/data2,WJUDB3RRNONV5YZTNUS2SAZXLUOFVC46
52.14.23.175,7001,/apia/data3,WJUDB3RRNONV5YZTNUS2SAZXLUOFVC46
52.14.23.175,7001,/apia/data3,WJUDB3RRNONV5YZTNUS2SAZXLUOFVC46
52.14.23.175,7001,/apia/data4,WJUDB3RRNONV5YZTNUS2SAZXLUOFVC46
52.14.23.175,7001,/apia/data4,WJUDB3RRNONV5YZTNUS2SAZXLUOFVC46
52.14.23.175,7001,/apia/data5,WJUDB3RRNONV5YZTNUS2SAZXLUOFVC46
52.14.23.175,7001,/apia/data5,WJUDB3RRNONV5YZTNUS2SAZXLUOFVC46
52.14.23.175,7001,/apia/data6,WJUDB3RRNONV5YZTNUS2SAZXLUOFVC46
52.14.23.175,7001,/apia/data6,WJUDB3RRNONV5YZTNUS2SAZXLUOFVC46
52.14.23.175,7001,/apia/data7,WJUDB3RRNONV5YZTNUS2SAZXLUOFVC46
52.14.23.175,7001,/apia/data7,WJUDB3RRNONV5YZTNUS2SAZXLUOFVC46
52.14.23.175,7001,/apia/data8,WJUDB3RRNONV5YZTNUS2SAZXLUOFVC46
52.14.23.175,7001,/apia/data8,WJUDB3RRNONV5YZTNUS2SAZXLUOFVC46
52.14.23.175,7001,/apia/data9,WJUDB3RRNONV5YZTNUS2SAZXLUOFVC46
52.14.23.175,7001,/apia/data9,WJUDB3RRNONV5YZTNUS2SAZXLUOFVC46
52.14.23.175,7001,/apia/data10,WJUDB3RRNONV5YZTNUS2SAZXLUOFVC46
52.14.23.175,7001,/apia/data10,WJUDB3RRNONV5YZTNUS2SAZXLUOFVC46
52.14.23.175,7001,/apia/data11,WJUDB3RRNONV5YZTNUS2SAZXLUOFVC46
52.14.23.175,7001,/apia/data11,WJUDB3RRNONV5YZTNUS2SAZXLUOFVC46
52.14.23.175,7001,/apia/data12,WJUDB3RRNONV5YZTNUS2SAZXLUOFVC46
52.14.23.175,7001,/apia/data12,WJUDB3RRNONV5YZTNUS2SAZXLUOFVC46
52.14.23.175,7001,/apia/data13,WJUDB3RRNONV5YZTNUS2SAZXLUOFVC46
52.14.23.175,7001,/apia/data13,WJUDB3RRNONV5YZTNUS2SAZXLUOFVC46
52.14.23.175,7001,/apia/data14,WJUDB3RRNONV5YZTNUS2SAZXLUOFVC46
52.14.23.175,7001,/apia/data14,WJUDB3RRNONV5YZTNUS2SAZXLUOFVC46
52.14.23.175,7001,/apia/data15,WJUDB3RRNONV5YZTNUS2SAZXLUOFVC46
52.14.23.175,7001,/apia/data15,WJUDB3RRNONV5YZTNUS2SAZXLUOFVC46
52.14.23.175,7001,/apia/data16,WJUDB3RRNONV5YZTNUS2SAZXLUOFVC46
52.14.23.175,7001,/apia/data16,WJUDB3RRNONV5YZTNUS2SAZXLUOFVC46
52.14.23.175,7001,/apia/data17,WJUDB3RRNONV5YZTNUS2SAZXLUOFVC46
52.14.23.175,7001,/apia/data17,WJUDB3RRNONV5YZTNUS2SAZXLUOFVC46
52.14.23.175,7001,/apia/data18,WJUDB3RRNONV5YZTNUS2SAZXLUOFVC46
52.14.23.175,7001,/apia/data18,WJUDB3RRNONV5YZTNUS2SAZXLUOFVC46
52.14.23.175,7001,/apia/data19,WJUDB3RRNONV5YZTNUS2SAZXLUOFVC46
52.14.23.175,7001,/apia/data19,WJUDB3RRNONV5YZTNUS2SAZXLUOFVC46
52.14.23.175,7001,/apia/data20,WJUDB3RRNONV5YZTNUS2SAZXLUOFVC46
52.14.23.175,7001,/apia/data20,WJUDB3RRNONV5YZTNUS2SAZXLUOFVC46
52.14.23.175,7001,/apia/data21,WJUDB3RRNONV5YZTNUS2SAZXLUOFVC46
52.14.23.175,7001,/apia/data21,WJUDB3RRNONV5YZTNUS2SAZXLUOFVC46
52.14.23.175,7001,/apia/data22,WJUDB3RRNONV5YZTNUS2SAZXLUOFVC46
52.14.23.175,7001,/apia/data22,WJUDB3RRNONV5YZTNUS2SAZXLUOFVC46
52.14.23.175,7001,/apia/data23,WJUDB3RRNONV5YZTNUS2SAZXLUOFVC46
52.14.23.175,7001,/apia/data23,WJUDB3RRNONV5YZTNUS2SAZXLUOFVC46
52.14.23.175,7001,/apia/data24,WJUDB3RRNONV5YZTNUS2SAZXLUOFVC46
52.14.23.175,7001,/apia/data24,WJUDB3RRNONV5YZTNUS2SAZXLUOFVC46
52.14.23.175,7001,/apia/data25,WJUDB3RRNONV5YZTNUS2SAZXLUOFVC46
52.14.23.175,7001,/apia/data25,WJUDB3RRNONV5YZTNUS2SAZXLUOFVC46
52.14.23.175,7002,/apib/data1,WJUDB3RRNONV5YZTNUS2SAZXLUOFVC46
52.14.23.175,7002,/apib/data1,WJUDB3RRNONV5YZTNUS2SAZXLUOFVC46
52.14.23.175,7002,/apib/data2,WJUDB3RRNONV5YZTNUS2SAZXLUOFVC46
52.14.23.175,7002,/apib/data2,WJUDB3RRNONV5YZTNUS2SAZXLUOFVC46
52.14.23.175,7002,/apib/data3,WJUDB3RRNONV5YZTNUS2SAZXLUOFVC46
52.14.23.175,7002,/apib/data3,WJUDB3RRNONV5YZTNUS2SAZXLUOFVC46
52.14.23.175,7002,/apib/data4,WJUDB3RRNONV5YZTNUS2SAZXLUOFVC46
52.14.23.175,7002,/apib/data4,WJUDB3RRNONV5YZTNUS2SAZXLUOFVC46
52.14.23.175,7002,/apib/data5,WJUDB3RRNONV5YZTNUS2SAZXLUOFVC46
52.14.23.175,7002,/apib/data5,WJUDB3RRNONV5YZTNUS2SAZXLUOFVC46
52.14.23.175,7002,/apib/data6,WJUDB3RRNONV5YZTNUS2SAZXLUOFVC46
52.14.23.175,7002,/apib/data6,WJUDB3RRNONV5YZTNUS2SAZXLUOFVC46
52.14.23.175,7002,/apib/data7,WJUDB3RRNONV5YZTNUS2SAZXLUOFVC46
52.14.23.175,7002,/apib/data7,WJUDB3RRNONV5YZTNUS2SAZXLUOFVC46
52.14.23.175,7002,/apib/data8,WJUDB3RRNONV5YZTNUS2SAZXLUOFVC46
52.14.23.175,7002,/apib/data8,WJUDB3RRNONV5YZTNUS2SAZXLUOFVC46
52.14.23.175,7002,/apib/data9,WJUDB3RRNONV5YZTNUS2SAZXLUOFVC46
52.14.23.175,7002,/apib/data9,WJUDB3RRNONV5YZTNUS2SAZXLUOFVC46
52.14.23.175,7002,/apib/data10,WJUDB3RRNONV5YZTNUS2SAZXLUOFVC46
52.14.23.175,7002,/apib/data10,WJUDB3RRNONV5YZTNUS2SAZXLUOFVC46
52.14.23.175,7002,/apib/data11,WJUDB3RRNONV5YZTNUS2SAZXLUOFVC46
52.14.23.175,7002,/apib/data11,WJUDB3RRNONV5YZTNUS2SAZXLUOFVC46
52.14.23.175,7002,/apib/data12,WJUDB3RRNONV5YZTNUS2SAZXLUOFVC46
52.14.23.175,7002,/apib/data12,WJUDB3RRNONV5YZTNUS2SAZXLUOFVC46
52.14.23.175,7002,/apib/data13,WJUDB3RRNONV5YZTNUS2SAZXLUOFVC46
52.14.23.175,7002,/apib/data13,WJUDB3RRNONV5YZTNUS2SAZXLUOFVC46
52.14.23.175,7002,/apib/data14,WJUDB3RRNONV5YZTNUS2SAZXLUOFVC46
52.14.23.175,7002,/apib/data14,WJUDB3RRNONV5YZTNUS2SAZXLUOFVC46
52.14.23.175,7002,/apib/data15,WJUDB3RRNONV5YZTNUS2SAZXLUOFVC46
52.14.23.175,7002,/apib/data15,WJUDB3RRNONV5YZTNUS2SAZXLUOFVC46
52.14.23.175,7002,/apib/data16,WJUDB3RRNONV5YZTNUS2SAZXLUOFVC46
52.14.23.175,7002,/apib/data16,WJUDB3RRNONV5YZTNUS2SAZXLUOFVC46
52.14.23.175,7002,/apib/data17,WJUDB3RRNONV5YZTNUS2SAZXLUOFVC46
52.14.23.175,7002,/apib/data17,WJUDB3RRNONV5YZTNUS2SAZXLUOFVC46
52.14.23.175,7002,/apib/data18,WJUDB3RRNONV5YZTNUS2SAZXLUOFVC46
52.14.23.175,7002,/apib/data18,WJUDB3RRNONV5YZTNUS2SAZXLUOFVC46
52.14.23.175,7002,/apib/data19,WJUDB3RRNONV5YZTNUS2SAZXLUOFVC46
52.14.23.175,7002,/apib/data19,WJUDB3RRNONV5YZTNUS2SAZXLUOFVC46
52.14.23.175,7002,/apib/data20,WJUDB3RRNONV5YZTNUS2SAZXLUOFVC46
52.14.23.175,7002,/apib/data20,WJUDB3RRNONV5YZTNUS2SAZXLUOFVC46
52.14.23.175,7002,/apib/data21,WJUDB3RRNONV5YZTNUS2SAZXLUOFVC46
52.14.23.175,7002,/apib/data21,WJUDB3RRNONV5YZTNUS2SAZXLUOFVC46
52.14.23.175,7002,/apib/data22,WJUDB3RRNONV5YZTNUS2SAZXLUOFVC46
52.14.23.175,7002,/apib/data22,WJUDB3RRNONV5YZTNUS2SAZXLUOFVC46
52.14.23.175,7002,/apib/data23,WJUDB3RRNONV5YZTNUS2SAZXLUOFVC46
52.14.23.175,7002,/apib/data23,WJUDB3RRNONV5YZTNUS2SAZXLUOFVC46
52.14.23.175,7002,/apib/data24,WJUDB3RRNONV5YZTNUS2SAZXLUOFVC46
52.14.23.175,7002,/apib/data24,WJUDB3RRNONV5YZTNUS2SAZXLUOFVC46
52.14.23.175,7002,/apib/data25,WJUDB3RRNONV5YZTNUS2SAZXLUOFVC46
52.14.23.175,7002,/apib/data25,WJUDB3RRNONV5YZTNUS2SAZXLUOFVC46
52.14.23.175,7003,/apic/data1,WJUDB3RRNONV5YZTNUS2SAZXLUOFVC46
52.14.23.175,7003,/apic/data1,WJUDB3RRNONV5YZTNUS2SAZXLUOFVC46
52.14.23.175,7003,/apic/data2,WJUDB3RRNONV5YZTNUS2SAZXLUOFVC46
52.14.23.175,7003,/apic/data2,WJUDB3RRNONV5YZTNUS2SAZXLUOFVC46
52.14.23.175,7003,/apic/data3,WJUDB3RRNONV5YZTNUS2SAZXLUOFVC46
52.14.23.175,7003,/apic/data3,WJUDB3RRNONV5YZTNUS2SAZXLUOFVC46
52.14.23.175,7003,/apic/data4,WJUDB3RRNONV5YZTNUS2SAZXLUOFVC46
52.14.23.175,7003,/apic/data4,WJUDB3RRNONV5YZTNUS2SAZXLUOFVC46
52.14.23.175,7003,/apic/data5,WJUDB3RRNONV5YZTNUS2SAZXLUOFVC46
52.14.23.175,7003,/apic/data5,WJUDB3RRNONV5YZTNUS2SAZXLUOFVC46
52.14.23.175,7003,/apic/data6,WJUDB3RRNONV5YZTNUS2SAZXLUOFVC46
52.14.23.175,7003,/apic/data6,WJUDB3RRNONV5YZTNUS2SAZXLUOFVC46
52.14.23.175,7003,/apic/data7,WJUDB3RRNONV5YZTNUS2SAZXLUOFVC46
52.14.23.175,7003,/apic/data7,WJUDB3RRNONV5YZTNUS2SAZXLUOFVC46
52.14.23.175,7003,/apic/data8,WJUDB3RRNONV5YZTNUS2SAZXLUOFVC46
52.14.23.175,7003,/apic/data8,WJUDB3RRNONV5YZTNUS2SAZXLUOFVC46
52.14.23.175,7003,/apic/data9,WJUDB3RRNONV5YZTNUS2SAZXLUOFVC46
52.14.23.175,7003,/apic/data9,WJUDB3RRNONV5YZTNUS2SAZXLUOFVC46
52.14.23.175,7003,/apic/data10,WJUDB3RRNONV5YZTNUS2SAZXLUOFVC46
52.14.23.175,7003,/apic/data10,WJUDB3RRNONV5YZTNUS2SAZXLUOFVC46
52.14.23.175,7003,/apic/data11,WJUDB3RRNONV5YZTNUS2SAZXLUOFVC46
52.14.23.175,7003,/apic/data11,WJUDB3RRNONV5YZTNUS2SAZXLUOFVC46
52.14.23.175,7003,/apic/data12,WJUDB3RRNONV5YZTNUS2SAZXLUOFVC46
52.14.23.175,7003,/apic/data12,WJUDB3RRNONV5YZTNUS2SAZXLUOFVC46
52.14.23.175,7003,/apic/data13,WJUDB3RRNONV5YZTNUS2SAZXLUOFVC46
52.14.23.175,7003,/apic/data13,WJUDB3RRNONV5YZTNUS2SAZXLUOFVC46
52.14.23.175,7003,/apic/data14,WJUDB3RRNONV5YZTNUS2SAZXLUOFVC46
52.14.23.175,7003,/apic/data14,WJUDB3RRNONV5YZTNUS2SAZXLUOFVC46
52.14.23.175,7003,/apic/data15,WJUDB3RRNONV5YZTNUS2SAZXLUOFVC46
52.14.23.175,7003,/apic/data15,WJUDB3RRNONV5YZTNUS2SAZXLUOFVC46
52.14.23.175,7003,/apic/data16,WJUDB3RRNONV5YZTNUS2SAZXLUOFVC46
52.14.23.175,7003,/apic/data16,WJUDB3RRNONV5YZTNUS2SAZXLUOFVC46
52.14.23.175,7003,/apic/data17,WJUDB3RRNONV5YZTNUS2SAZXLUOFVC46
52.14.23.175,7003,/apic/data17,WJUDB3RRNONV5YZTNUS2SAZXLUOFVC46
52.14.23.175,7003,/apic/data18,WJUDB3RRNONV5YZTNUS2SAZXLUOFVC46
52.14.23.175,7003,/apic/data18,WJUDB3RRNONV5YZTNUS2SAZXLUOFVC46
52.14.23.175,7003,/apic/data19,WJUDB3RRNONV5YZTNUS2SAZXLUOFVC46
52.14.23.175,7003,/apic/data19,WJUDB3RRNONV5YZTNUS2SAZXLUOFVC46
52.14.23.175,7003,/apic/data20,WJUDB3RRNONV5YZTNUS2SAZXLUOFVC46
52.14.23.175,7003,/apic/data20,WJUDB3RRNONV5YZTNUS2SAZXLUOFVC46
52.14.23.175,7003,/apic/data21,WJUDB3RRNONV5YZTNUS2SAZXLUOFVC46
52.14.23.175,7003,/apic/data21,WJUDB3RRNONV5YZTNUS2SAZXLUOFVC46
52.14.23.175,7003,/apic/data22,WJUDB3RRNONV5YZTNUS2SAZXLUOFVC46
52.14.23.175,7003,/apic/data22,WJUDB3RRNONV5YZTNUS2SAZXLUOFVC46
52.14.23.175,7003,/apic/data23,WJUDB3RRNONV5YZTNUS2SAZXLUOFVC46
52.14.23.175,7003,/apic/data23,WJUDB3RRNONV5YZTNUS2SAZXLUOFVC46
52.14.23.175,7003,/apic/data24,WJUDB3RRNONV5YZTNUS2SAZXLUOFVC46
52.14.23.175,7003,/apic/data24,WJUDB3RRNONV5YZTNUS2SAZXLUOFVC46
52.14.23.175,7003,/apic/data25,WJUDB3RRNONV5YZTNUS2SAZXLUOFVC46
52.14.23.175,7003,/apic/data25,WJUDB3RRNONV5YZTNUS2SAZXLUOFVC46
52.14.23.175,7004,/apid/data1,WJUDB3RRNONV5YZTNUS2SAZXLUOFVC46
52.14.23.175,7004,/apid/data1,WJUDB3RRNONV5YZTNUS2SAZXLUOFVC46
52.14.23.175,7004,/apid/data2,WJUDB3RRNONV5YZTNUS2SAZXLUOFVC46
52.14.23.175,7004,/apid/data2,WJUDB3RRNONV5YZTNUS2SAZXLUOFVC46
52.14.23.175,7004,/apid/data3,WJUDB3RRNONV5YZTNUS2SAZXLUOFVC46
52.14.23.175,7004,/apid/data3,WJUDB3RRNONV5YZTNUS2SAZXLUOFVC46
52.14.23.175,7004,/apid/data4,WJUDB3RRNONV5YZTNUS2SAZXLUOFVC46
52.14.23.175,7004,/apid/data4,WJUDB3RRNONV5YZTNUS2SAZXLUOFVC46
52.14.23.175,7004,/apid/data5,WJUDB3RRNONV5YZTNUS2SAZXLUOFVC46
52.14.23.175,7004,/apid/data5,WJUDB3RRNONV5YZTNUS2SAZXLUOFVC46
52.14.23.175,7004,/apid/data6,WJUDB3RRNONV5YZTNUS2SAZXLUOFVC46
52.14.23.175,7004,/apid/data6,WJUDB3RRNONV5YZTNUS2SAZXLUOFVC46
52.14.23.175,7004,/apid/data7,WJUDB3RRNONV5YZTNUS2SAZXLUOFVC46
52.14.23.175,7004,/apid/data7,WJUDB3RRNONV5YZTNUS2SAZXLUOFVC46
52.14.23.175,7004,/apid/data8,WJUDB3RRNONV5YZTNUS2SAZXLUOFVC46
52.14.23.175,7004,/apid/data8,WJUDB3RRNONV5YZTNUS2SAZXLUOFVC46
52.14.23.175,7004,/apid/data9,WJUDB3RRNONV5YZTNUS2SAZXLUOFVC46
52.14.23.175,7004,/apid/data9,WJUDB3RRNONV5YZTNUS2SAZXLUOFVC46
52.14.23.175,7004,/apid/data10,WJUDB3RRNONV5YZTNUS2SAZXLUOFVC46
52.14.23.175,7004,/apid/data10,WJUDB3RRNONV5YZTNUS2SAZXLUOFVC46
52.14.23.175,7004,/apid/data11,WJUDB3RRNONV5YZTNUS2SAZXLUOFVC46
52.14.23.175,7004,/apid/data11,WJUDB3RRNONV5YZTNUS2SAZXLUOFVC46
52.14.23.175,7004,/apid/data12,WJUDB3RRNONV5YZTNUS2SAZXLUOFVC46
52.14.23.175,7004,/apid/data12,WJUDB3RRNONV5YZTNUS2SAZXLUOFVC46
52.14.23.175,7004,/apid/data13,WJUDB3RRNONV5YZTNUS2SAZXLUOFVC46
52.14.23.175,7004,/apid/data13,WJUDB3RRNONV5YZTNUS2SAZXLUOFVC46
52.14.23.175,7004,/apid/data14,WJUDB3RRNONV5YZTNUS2SAZXLUOFVC46
52.14.23.175,7004,/apid/data14,WJUDB3RRNONV5YZTNUS2SAZXLUOFVC46
52.14.23.175,7004,/apid/data15,WJUDB3RRNONV5YZTNUS2SAZXLUOFVC46
52.14.23.175,7004,/apid/data15,WJUDB3RRNONV5YZTNUS2SAZXLUOFVC46
52.14.23.175,7004,/apid/data16,WJUDB3RRNONV5YZTNUS2SAZXLUOFVC46
52.14.23.175,7004,/apid/data16,WJUDB3RRNONV5YZTNUS2SAZXLUOFVC46
52.14.23.175,7004,/apid/data17,WJUDB3RRNONV5YZTNUS2SAZXLUOFVC46
52.14.23.175,7004,/apid/data17,WJUDB3RRNONV5YZTNUS2SAZXLUOFVC46
52.14.23.175,7004,/apid/data18,WJUDB3RRNONV5YZTNUS2SAZXLUOFVC46
52.14.23.175,7004,/apid/data18,WJUDB3RRNONV5YZTNUS2SAZXLUOFVC46
52.14.23.175,7004,/apid/data19,WJUDB3RRNONV5YZTNUS2SAZXLUOFVC46
52.14.23.175,7004,/apid/data19,WJUDB3RRNONV5YZTNUS2SAZXLUOFVC46
52.14.23.175,7004,/apid/data20,WJUDB3RRNONV5YZTNUS2SAZXLUOFVC46
52.14.23.175,7004,/apid/data20,WJUDB3RRNONV5YZTNUS2SAZXLUOFVC46
52.14.23.175,7004,/apid/data21,WJUDB3RRNONV5YZTNUS2SAZXLUOFVC46
52.14.23.175,7004,/apid/data21,WJUDB3RRNONV5YZTNUS2SAZXLUOFVC46
52.14.23.175,7004,/apid/data22,WJUDB3RRNONV5YZTNUS2SAZXLUOFVC46
52.14.23.175,7004,/apid/data22,WJUDB3RRNONV5YZTNUS2SAZXLUOFVC46
52.14.23.175,7004,/apid/data23,WJUDB3RRNONV5YZTNUS2SAZXLUOFVC46
52.14.23.175,7004,/apid/data23,WJUDB3RRNONV5YZTNUS2SAZXLUOFVC46
52.14.23.175,7004,/apid/data24,WJUDB3RRNONV5YZTNUS2SAZXLUOFVC46
52.14.23.175,7004,/apid/data24,WJUDB3RRNONV5YZTNUS2SAZXLUOFVC46
52.14.23.175,7004,/apid/data25,WJUDB3RRNONV5YZTNUS2SAZXLUOFVC46
52.14.23.175,7004,/apid/data25,WJUDB3RRNONV5YZTNUS2SAZXLUOFVC46
